A,B,C,D,EM_global_optimality,EM_invisible_mass,EM_iterations,EM_positive_score,EM_stop_tolerance_met,EM_tail_class_final,Shat_0,Shat_1,Shat_2,Strue_0,Strue_1,Strue_2,case,coverage_decision,full_parent_empirical_RMSE,lambda,max_mass_sum_error,observed_law_TV,parent_n,raw_min_ell_increment,reference_survival_RMSE,rep,selected_oracle_RMSE,status,train_n,true_in_confidence_set,true_invisible_mass,validation_n
47,113,126,114,not_certified,0.11111111111111108,53,9.079285662067065e-09,True,True,0.48385946583425465,0.39981476342193845,0.11111111111111108,0.5361328125,0.435791015625,0.203125,lambda0_N400_r000,included,0.013748280966835455,-3/4,4.440892098500626e-16,0.04926486233098725,400,0.0,0.06453254797044222,0,0.19497378282485606,computed,146,True,0.203125,140
42,100,121,137,not_certified,0.11111111111111127,37,7.09777078682859e-09,True,True,0.43469479600715055,0.3530146125974446,0.11111111111111127,0.5361328125,0.435791015625,0.203125,lambda0_N400_r001,included,0.02302451977334274,-3/4,1.1102230246251565e-15,0.07163568087972766,400,0.0,0.09239076403450841,1,0.21358751322692143,computed,127,True,0.203125,136
47,119,121,113,not_certified,0.11111111111111131,45,7.893176924301197e-09,True,True,0.43373318963012564,0.3316064088212705,0.11111111111111131,0.5361328125,0.435791015625,0.203125,lambda0_N400_r002,included,0.02359050602116701,-3/4,6.661338147750939e-16,0.07359707510516064,400,0.0,0.09967726388566413,2,0.22021124919830265,computed,140,True,0.203125,147
59,124,100,117,not_certified,0.1111111111111109,42,7.046420675061286e-09,True,True,0.4481468900757528,0.33933575308356234,0.1111111111111109,0.5361328125,0.435791015625,0.203125,lambda0_N400_r003,included,0.020019967125590312,-3/4,5.551115123125783e-16,0.06259716419231387,400,-5.684341886080802e-14,0.09221658557483056,3,0.21160999785454598,computed,143,True,0.203125,140
54,114,110,122,not_certified,0.11111111111111101,25,6.7924425860078795e-09,True,True,0.4684488462363219,0.35532837685231666,0.11111111111111101,0.5361328125,0.435791015625,0.203125,lambda0_N400_r004,included,0.008539216845514393,-3/4,3.3306690738754696e-16,0.049867398464885096,400,5.684341886080802e-14,0.0806678607540468,4,0.20707215820872527,computed,133,True,0.203125,145
49,108,117,126,not_certified,0.11111111111111079,45,7.663047189499679e-09,True,True,0.5180921907843128,0.3945283733384432,0.11111111111111079,0.5361328125,0.435791015625,0.203125,lambda0_N400_r005,included,0.03037983706961546,-3/4,8.881784197001252e-16,0.054674663054954845,400,0.0,0.05914565475393133,5,0.18100481959987486,computed,146,True,0.203125,128
51,112,117,120,not_certified,0.11111111111111131,37,7.76405865313531e-09,True,True,0.45029233538752067,0.3518540174373454,0.11111111111111131,0.5361328125,0.435791015625,0.203125,lambda0_N400_r006,included,0.009388094763744661,-3/4,6.661338147750939e-16,0.04398817161398144,400,0.0,0.08733186307434641,6,0.21566988596193853,computed,132,True,0.203125,148
44,105,119,132,not_certified,0.11111111111111091,48,7.169606440876028e-09,True,True,0.5257893635501112,0.4078461085573017,0.11111111111111091,0.5361328125,0.435791015625,0.203125,lambda0_N400_r007,included,0.04041775980516545,-3/4,4.440892098500626e-16,0.10306411738022611,400,-5.684341886080802e-14,0.05584042894909887,7,0.17100836538097644,computed,113,True,0.203125,155
47,120,124,109,not_certified,0.11111111111111104,36,6.8870685405097505e-09,True,True,0.5073395797196604,0.3835341193432469,0.11111111111111104,0.5361328125,0.435791015625,0.203125,lambda0_N400_r008,included,0.023182675719195644,-3/4,3.3306690738754696e-16,0.046026573375208935,400,-5.684341886080802e-14,0.06331505669112608,8,0.1948996261325383,computed,164,True,0.203125,127
49,104,129,118,not_certified,0.11111111111111147,36,7.246346022832684e-09,True,True,0.4607592271130763,0.3575294651196862,0.11111111111111147,0.5361328125,0.435791015625,0.203125,lambda0_N400_r009,included,0.00891683919389136,-3/4,1.1102230246251565e-15,0.06831297549244522,400,-5.684341886080802e-14,0.0822042241616013,9,0.2085104889332626,computed,137,True,0.203125,145
58,106,111,125,not_certified,0.11111111111111127,34,7.2580300266880924e-09,True,True,0.5016479027433687,0.3777271509015949,0.11111111111111127,0.5361328125,0.435791015625,0.203125,lambda0_N400_r010,included,0.020024031665136333,-3/4,6.661338147750939e-16,0.04089165305936732,400,-5.684341886080802e-14,0.06589683132492703,10,0.1923610994004038,computed,131,True,0.203125,144
49,130,116,105,not_certified,0.11111111111111079,35,9.377662964051508e-09,True,True,0.5178846842502618,0.4000626574821524,0.11111111111111079,0.5361328125,0.435791015625,0.203125,lambda0_N400_r011,included,0.017681856295170207,-3/4,6.661338147750939e-16,0.05282700126719779,400,0.0,0.057954193143261355,11,0.17393693000606897,computed,150,True,0.203125,145
56,119,114,111,not_certified,0.11111111111111131,41,9.909112355722176e-09,True,True,0.449698177196048,0.3466631099509183,0.11111111111111131,0.5361328125,0.435791015625,0.203125,lambda0_N400_r012,included,0.024156032941269907,-3/4,6.661338147750939e-16,0.04029369436995133,400,5.684341886080802e-14,0.08922123345637693,12,0.2109678481605839,computed,139,True,0.203125,150
39,119,125,117,not_certified,0.11111111111111137,47,7.578611057911412e-09,True,True,0.5159835969220895,0.3915707859606087,0.11111111111111137,0.5361328125,0.435791015625,0.203125,lambda0_N400_r013,included,0.012548795192888072,-3/4,6.661338147750939e-16,0.05342379389279016,400,5.684341886080802e-14,0.06007765904347852,13,0.1838631651802197,computed,143,True,0.203125,140
55,122,105,118,not_certified,0.11111111111111106,40,9.009397470771359e-09,True,True,0.4748095075701986,0.34381092856239825,0.11111111111111106,0.5361328125,0.435791015625,0.203125,lambda0_N400_r014,included,0.0075703038496736375,-3/4,3.3306690738754696e-16,0.05817871848816024,400,-5.684341886080802e-14,0.08304103381664996,14,0.20622695820425838,computed,142,True,0.203125,140
46,114,111,129,not_certified,0.11111111111111102,41,8.632232359012528e-09,True,True,0.44790945430653123,0.3520867223910676,0.11111111111111102,0.5361328125,0.435791015625,0.203125,lambda0_N400_r015,included,0.00540979487455085,-3/4,4.440892098500626e-16,0.04448199889947707,400,0.0,0.08804605875181096,15,0.21485595146220968,computed,135,True,0.203125,136
53,119,105,123,not_certified,0.11111111111111115,36,6.55513658275989e-09,True,True,0.47693878517793387,0.3653072180807639,0.11111111111111115,0.5361328125,0.435791015625,0.203125,lambda0_N400_r016,included,0.01436712629876681,-3/4,6.661338147750939e-16,0.04776805635883366,400,-5.684341886080802e-14,0.07514087732457206,16,0.21178903610486546,computed,136,True,0.203125,141
70,111,127,92,not_certified,0.11111111111111129,47,9.376598037696177e-09,True,True,0.5046420993994721,0.38389730652324855,0.11111111111111129,0.5361328125,0.435791015625,0.203125,lambda0_N400_r017,included,0.022294378620735703,-3/4,8.881784197001252e-16,0.0698334802586193,400,0.0,0.0636426948004082,17,0.18889964015009458,computed,155,True,0.203125,153
45,106,125,124,not_certified,0.11111111111111102,46,8.293195721136357e-09,True,True,0.46748388360950405,0.35515462069256376,0.11111111111111102,0.5361328125,0.435791015625,0.203125,lambda0_N400_r018,included,0.008767742152898704,-3/4,5.551115123125783e-16,0.06295854785936435,400,-1.1368683772161603e-13,0.08099682992555739,18,0.21187511669398942,computed,131,True,0.203125,145
38,131,112,119,not_certified,0.11111111111111116,28,7.079517277667309e-09,True,True,0.45017069685307753,0.34405205760775176,0.11111111111111116,0.5361328125,0.435791015625,0.203125,lambda0_N400_r019,included,0.019241854211623798,-3/4,2.220446049250313e-16,0.09402048261918493,400,5.684341886080802e-14,0.08994827679105752,19,0.21999666864999204,computed,134,True,0.203125,147
230,466,441,463,not_certified,0.11111111111111086,35,6.820280970887301e-09,True,True,0.44599739955400375,0.34285758008826234,0.11111111111111086,0.5361328125,0.435791015625,0.203125,lambda0_N1600_r000,included,0.01931066928651232,-3/4,8.881784197001252e-16,0.04337273694325593,1600,0.0,0.09170163912759517,0,0.22114058085964527,computed,556,True,0.203125,581
196,480,452,472,not_certified,0.11111111111111115,46,8.34724319924754e-09,True,True,0.46288711989265696,0.35492559821656455,0.11111111111111115,0.5361328125,0.435791015625,0.203125,lambda0_N1600_r001,included,0.014481515305127195,-3/4,4.440892098500626e-16,0.029263602002642226,1600,-4.547473508864641e-13,0.08240287811847889,1,0.21610098555695842,computed,581,True,0.203125,547
229,457,439,475,not_certified,0.11111111111111112,35,9.760419440378124e-09,True,True,0.47824358165182934,0.3601876868930057,0.11111111111111112,0.5361328125,0.435791015625,0.203125,lambda0_N1600_r002,included,0.0024049161045935547,-3/4,4.440892098500626e-16,0.030103761954012036,1600,0.0,0.07644950863589114,2,0.20178082803468217,computed,579,True,0.203125,546
191,492,451,466,not_certified,0.11111111111111138,39,8.878700416464818e-09,True,True,0.4910650550844504,0.3706806991973016,0.11111111111111138,0.5361328125,0.435791015625,0.203125,lambda0_N1600_r003,included,0.0063078000540772545,-3/4,6.661338147750939e-16,0.03229118100934307,1600,-2.2737367544323206e-13,0.07008806796271524,3,0.1920563129034695,computed,546,True,0.203125,588
192,429,513,466,not_certified,0.11111111111111115,41,7.031276471111813e-09,True,True,0.4861983527631575,0.3757792366572589,0.11111111111111115,0.5361328125,0.435791015625,0.203125,lambda0_N1600_r004,included,0.0036740257511527446,-3/4,4.440892098500626e-16,0.047891463327946915,1600,-2.2737367544323206e-13,0.06966926542012661,4,0.19982645628319975,computed,556,True,0.203125,578
194,468,453,485,not_certified,0.11111111111111173,44,8.633625304861247e-09,True,True,0.502286973391984,0.39076683161965564,0.11111111111111173,0.5361328125,0.435791015625,0.203125,lambda0_N1600_r005,included,0.01744893297869912,-3/4,1.1102230246251565e-15,0.02505166950542473,1600,0.0,0.06228770268875841,5,0.18905020632320635,computed,610,True,0.203125,505
195,433,455,517,not_certified,0.11111111111111095,37,7.3686842941138365e-09,True,True,0.4667395647991234,0.37038865337895743,0.11111111111111095,0.5361328125,0.435791015625,0.203125,lambda0_N1600_r006,included,0.01198489154629209,-3/4,6.661338147750939e-16,0.04544271535236914,1600,2.2737367544323206e-13,0.07650587681630436,6,0.2120270219550588,computed,529,True,0.203125,554
197,457,493,453,not_certified,0.11111111111111122,36,8.435789245869077e-09,True,True,0.4739195186542119,0.3708194700210916,0.11111111111111122,0.5361328125,0.435791015625,0.203125,lambda0_N1600_r007,included,0.011468044442935045,-3/4,4.440892098500626e-16,0.025626685753775035,1600,2.2737367544323206e-13,0.07429300419680598,7,0.20250585441071206,computed,601,True,0.203125,546
171,458,462,509,not_certified,0.11111111111111098,49,8.329011594689272e-09,True,True,0.5012013768610193,0.3924191280967647,0.11111111111111098,0.5361328125,0.435791015625,0.203125,lambda0_N1600_r008,included,0.017791743984843574,-3/4,6.661338147750939e-16,0.024958550646399926,1600,2.2737367544323206e-13,0.06209638092519015,8,0.1932952140227225,computed,550,True,0.203125,541
218,481,476,425,not_certified,0.11111111111111105,43,9.518169347157187e-09,True,True,0.47887641273384285,0.3705274886609905,0.11111111111111105,0.5361328125,0.435791015625,0.203125,lambda0_N1600_r009,included,0.026146044685958405,-3/4,6.661338147750939e-16,0.0269953904649109,1600,0.0,0.07303921096329194,9,0.20738210044095942,computed,551,True,0.203125,624
200,505,405,490,not_certified,0.11111111111111116,40,7.114578738355294e-09,True,True,0.49206402942788036,0.37623064947892115,0.11111111111111116,0.5361328125,0.435791015625,0.203125,lambda0_N1600_r010,included,0.014901120330201119,-3/4,4.440892098500626e-16,0.04771714144641943,1600,0.0,0.06820569527874071,10,0.1951179707273271,computed,579,True,0.203125,531
202,473,458,467,not_certified,0.1111111111111113,44,7.393135831886087e-09,True,True,0.47350444830779526,0.36450684246254594,0.1111111111111113,0.5361328125,0.435791015625,0.203125,lambda0_N1600_r011,included,0.003976648355992346,-3/4,6.661338147750939e-16,0.01807453523918057,1600,0.0,0.07631142573538803,11,0.20192359615282046,computed,562,True,0.203125,571
212,480,443,465,not_certified,0.11111111111111141,40,8.38393100416457e-09,True,True,0.4721027939594007,0.36560005369599047,0.11111111111111141,0.5361328125,0.435791015625,0.203125,lambda0_N1600_r012,included,0.007333598594491885,-3/4,6.661338147750939e-16,0.022502030514495994,1600,0.0,0.07636135619383645,12,0.20343313962413037,computed,555,True,0.203125,580
190,476,467,467,not_certified,0.11111111111111109,52,9.276657717565276e-09,True,True,0.4949983990251768,0.38587082503166426,0.11111111111111109,0.5361328125,0.435791015625,0.203125,lambda0_N1600_r013,included,0.0026907856100589224,-3/4,4.440892098500626e-16,0.021284965727523163,1600,0.0,0.0649374600397682,13,0.19907727614328297,computed,596,True,0.203125,537
208,465,479,448,not_certified,0.11111111111111108,41,7.221784947830656e-09,True,True,0.4825550935484688,0.37713735457207215,0.11111111111111108,0.5361328125,0.435791015625,0.203125,lambda0_N1600_r014,included,0.010226794825732724,-3/4,5.551115123125783e-16,0.019241188188087493,1600,0.0,0.07018399549616662,14,0.19785285563009136,computed,565,True,0.203125,587
208,465,465,462,not_certified,0.1111111111111111,39,9.850831720733273e-09,True,True,0.4854884853550167,0.3734819440477058,0.1111111111111111,0.5361328125,0.435791015625,0.203125,lambda0_N1600_r015,included,0.005922535560021305,-3/4,3.3306690738754696e-16,0.016802411277809706,1600,-2.2737367544323206e-13,0.07050726681519963,15,0.19991012327709676,computed,544,True,0.203125,594
188,486,459,467,not_certified,0.1111111111111111,41,7.271618148454435e-09,True,True,0.46897596636590705,0.35601516953323564,0.1111111111111111,0.5361328125,0.435791015625,0.203125,lambda0_N1600_r016,included,0.006964785053763919,-3/4,4.440892098500626e-16,0.03017817058497098,1600,0.0,0.08029276295904444,16,0.20724596453861963,computed,577,True,0.203125,556
221,496,438,445,not_certified,0.11111111111111101,42,7.71152624162166e-09,True,True,0.48830417704890405,0.3675559639039584,0.11111111111111101,0.5361328125,0.435791015625,0.203125,lambda0_N1600_r017,included,0.010299349019240657,-3/4,3.3306690738754696e-16,0.03812912960737132,1600,-2.2737367544323206e-13,0.07167090623338469,17,0.19270600420639253,computed,547,True,0.203125,608
214,446,481,459,not_certified,0.1111111111111111,41,9.952211834074377e-09,True,True,0.45956504041220936,0.3579228101524996,0.1111111111111111,0.5361328125,0.435791015625,0.203125,lambda0_N1600_r018,included,0.015491011813014887,-3/4,4.440892098500626e-16,0.028625239004018734,1600,0.0,0.08244722937421282,18,0.21003962575236362,computed,580,True,0.203125,561
209,473,439,479,not_certified,0.11111111111111127,42,9.390572246456576e-09,True,True,0.4873930169997518,0.3705243015562742,0.11111111111111127,0.5361328125,0.435791015625,0.203125,lambda0_N1600_r019,included,0.00710733796723852,-3/4,4.440892098500626e-16,0.01769002463730516,1600,-2.2737367544323206e-13,0.07095037556675696,19,0.1968012168114671,computed,557,True,0.203125,564
65,104,106,125,not_certified,0.11111111111111133,42,7.275106616527245e-09,True,True,0.5165330097598152,0.39435021828540273,0.11111111111111133,0.5625,0.46875,0.25,lambda1_N400_r000,included,0.019107699146330155,0,4.440892098500626e-16,0.05340432206009003,400,0.0,0.09476007451754323,0,0.22047076049395387,computed,131,True,0.25,144
72,99,109,120,not_certified,0.11111111111111098,43,9.366422456683461e-09,True,True,0.5172511789380857,0.4089342067246538,0.11111111111111098,0.5625,0.46875,0.25,lambda1_N400_r001,included,0.01445178766335385,0,6.661338147750939e-16,0.06831914298979166,400,-5.684341886080802e-14,0.09113270249009088,1,0.21905712162359298,computed,145,True,0.25,135
57,111,83,149,not_certified,0.11111111111111095,46,7.9149254268856e-09,True,True,0.4882219707816021,0.35928006675077817,0.11111111111111095,0.5625,0.46875,0.25,lambda1_N400_r002,included,0.03156507827753111,0,6.661338147750939e-16,0.073851837775603,400,-5.684341886080802e-14,0.11074146372963836,2,0.22602134519426156,computed,108,True,0.25,143
70,109,80,141,not_certified,0.11111111111111102,36,8.103128669986694e-09,True,True,0.44822001504936193,0.33427438559190303,0.11111111111111102,0.5625,0.46875,0.25,lambda1_N400_r003,included,0.015360257159305639,0,4.440892098500626e-16,0.0764291192277954,400,-5.684341886080802e-14,0.12965817789807088,3,0.24954628252928487,computed,136,True,0.25,123
69,111,101,119,not_certified,0.11111111111111088,36,7.823938893358198e-09,True,True,0.47165685403503654,0.3631643490773243,0.11111111111111088,0.5625,0.46875,0.25,lambda1_N400_r004,included,0.03049077729412616,0,6.661338147750939e-16,0.059931206315103736,400,0.0,0.1135648571028423,4,0.23990981202602144,computed,144,True,0.25,137
55,107,110,128,not_certified,0.11111111111111094,48,7.616477069953308e-09,True,True,0.5283803022711676,0.41698864008074216,0.11111111111111094,0.5625,0.46875,0.25,lambda1_N400_r005,included,0.011836560592784826,0,6.661338147750939e-16,0.07144011496260284,400,5.684341886080802e-14,0.08781327843894683,5,0.2098730229684039,computed,133,True,0.25,139
70,107,99,124,not_certified,0.11111111111111104,35,9.59516611736536e-09,True,True,0.48033161076699593,0.3855341426931562,0.11111111111111104,0.5625,0.46875,0.25,lambda1_N400_r006,included,0.020013016597538028,0,3.3306690738754696e-16,0.06628119215802583,400,5.684341886080802e-14,0.10482786931163167,6,0.23883246262069,computed,127,True,0.25,149
71,109,92,128,not_certified,0.11111111111111113,52,8.303378899487304e-09,True,True,0.48367015528650203,0.37001528793983074,0.11111111111111113,0.5625,0.46875,0.25,lambda1_N400_r007,included,0.01363589014329464,0,4.440892098500626e-16,0.03355322534862396,400,-5.684341886080802e-14,0.10840173928486088,7,0.23745038712665317,computed,143,True,0.25,129
64,100,110,126,not_certified,0.11111111111111069,41,7.437059954086545e-09,True,True,0.49017911474422704,0.3730997148378647,0.11111111111111069,0.5625,0.46875,0.25,lambda1_N400_r008,included,0.01595893166850462,0,8.881784197001252e-16,0.0645561374648673,400,-5.684341886080802e-14,0.10593930802204111,8,0.23201588526706332,computed,137,True,0.25,137
63,99,95,143,not_certified,0.11111111111111123,38,7.660286143409782e-09,True,True,0.38925331098802485,0.29327055916537004,0.11111111111111123,0.5625,0.46875,0.25,lambda1_N400_r009,included,0.03218598297395935,0,6.661338147750939e-16,0.1135346364441214,400,0.0,0.16339887072848916,9,0.2868273198165052,computed,128,True,0.25,129
72,101,97,130,not_certified,0.11111111111111112,38,6.920998569310339e-09,True,True,0.4530300472413122,0.3629549317977434,0.11111111111111112,0.5625,0.46875,0.25,lambda1_N400_r010,included,0.020978659791956848,0,4.440892098500626e-16,0.05963284142154898,400,0.0,0.11897673507833312,10,0.2505534069716167,computed,123,True,0.25,147
73,106,90,131,not_certified,0.111111111111111,28,9.251683553086583e-09,True,True,0.42513979805667135,0.3290370014381533,0.111111111111111,0.5625,0.46875,0.25,lambda1_N400_r011,included,0.02269590638566055,0,4.440892098500626e-16,0.06411671771403935,400,-5.684341886080802e-14,0.13865745622678063,11,0.2598896469741035,computed,137,True,0.25,132
68,92,98,142,not_certified,0.11111111111111119,46,7.777407562070596e-09,True,True,0.44943827534587355,0.33483471807134535,0.11111111111111119,0.5625,0.46875,0.25,lambda1_N400_r012,included,0.02927064798280579,0,5.551115123125783e-16,0.04787305973046076,400,-5.684341886080802e-14,0.12910768086186386,12,0.25531447922225803,computed,129,True,0.25,129
65,105,106,124,not_certified,0.11111111111111113,34,9.893079592253027e-09,True,True,0.49771326022829687,0.3714725967032964,0.11111111111111113,0.5625,0.46875,0.25,lambda1_N400_r013,included,0.016535945694153686,0,3.3306690738754696e-16,0.07020626971979219,400,0.0,0.104801937480796,13,0.22074905979387768,computed,133,True,0.25,143
67,100,111,122,not_certified,0.11111111111111091,37,7.612674206441842e-09,True,True,0.5118107560292728,0.40287656480191614,0.11111111111111091,0.5625,0.46875,0.25,lambda1_N400_r014,included,0.015360257159305625,0,5.551115123125783e-16,0.04971311117269631,400,0.0,0.09345022271403858,14,0.2222877836889976,computed,143,True,0.25,135
75,100,94,131,not_certified,0.11111111111111097,41,7.0191816275059845e-09,True,True,0.47203253612406026,0.35749026504222536,0.11111111111111097,0.5625,0.46875,0.25,lambda1_N400_r015,included,0.008809322713277473,0,3.3306690738754696e-16,0.046571344976889986,400,-5.684341886080802e-14,0.11525799191351675,15,0.23772615529871607,computed,124,True,0.25,145
74,96,95,135,not_certified,0.11111111111111097,31,9.334930708510516e-09,True,True,0.47503670284869765,0.3760791916998615,0.11111111111111097,0.5625,0.46875,0.25,lambda1_N400_r016,included,0.004621056877670582,0,6.661338147750939e-16,0.052480177884009764,400,5.684341886080802e-14,0.10882375738836964,16,0.22885790971687792,computed,145,True,0.25,120
77,102,104,117,not_certified,0.11111111111111106,37,7.074525226334866e-09,True,True,0.46470446971801765,0.3587124346394035,0.11111111111111106,0.5625,0.46875,0.25,lambda1_N400_r017,included,0.027660516384671256,0,4.440892098500626e-16,0.043699163748681415,400,0.0,0.11685083795222553,17,0.23647121956708775,computed,143,True,0.25,140
83,99,96,122,not_certified,0.11111111111111117,34,6.803967998127368e-09,True,True,0.47815689567415115,0.3699400122954387,0.11111111111111117,0.5625,0.46875,0.25,lambda1_N400_r018,included,0.021996685356359184,0,2.220446049250313e-16,0.0600278382303958,400,0.0,0.10979874980206088,18,0.23453116293078932,computed,135,True,0.25,143
71,104,98,127,not_certified,0.11111111111111116,45,7.764798002783156e-09,True,True,0.5567773824483577,0.4135249604860613,0.11111111111111116,0.5625,0.46875,0.25,lambda1_N400_r019,included,0.02993917444864951,0,2.220446049250313e-16,0.09404946432737754,400,0.0,0.08635715912756078,19,0.19573239745484325,computed,138,True,0.25,135
234,394,402,570,not_certified,0.11111111111111073,41,8.378029430513406e-09,True,True,0.473964454750068,0.36688762318708096,0.11111111111111073,0.5625,0.46875,0.25,lambda1_N1600_r000,included,0.02239559108396114,0,8.881784197001252e-16,0.03167445272601647,1600,2.2737367544323206e-13,0.11181027090488319,0,0.23478836765364255,computed,520,True,0.25,510
296,376,408,520,not_certified,0.1111111111111116,42,8.36920603601525e-09,True,True,0.4619505926346653,0.35328458094279375,0.1111111111111116,0.5625,0.46875,0.25,lambda1_N1600_r001,included,0.014657549249448225,0,1.1102230246251565e-15,0.03561728442134614,1600,0.0,0.11934902565775482,1,0.24719321308741304,computed,554,True,0.25,526
243,417,410,530,not_certified,0.11111111111111138,45,9.486884197014032e-09,True,True,0.4853307967135331,0.36760802938912907,0.11111111111111138,0.5625,0.46875,0.25,lambda1_N1600_r002,included,0.0039197682754639,0,8.881784197001252e-16,0.02474336003258954,1600,0.0,0.10874267425395973,2,0.2349340334377452,computed,534,True,0.25,536
245,392,417,546,not_certified,0.11111111111111101,42,9.909460573214521e-09,True,True,0.49319513434271606,0.37815835563573696,0.11111111111111101,0.5625,0.46875,0.25,lambda1_N1600_r003,included,0.014375000000000027,0,5.551115123125783e-16,0.025845925987765132,1600,-2.2737367544323206e-13,0.10376276449861553,3,0.22455040663067552,computed,560,True,0.25,494
240,418,412,530,not_certified,0.11111111111111097,45,8.76485611566138e-09,True,True,0.501125488089497,0.3900032519887392,0.11111111111111097,0.5625,0.46875,0.25,lambda1_N1600_r004,included,0.010789172813520027,0,5.551115123125783e-16,0.028423556137093374,1600,0.0,0.09875559813902814,4,0.2230999437310225,computed,515,True,0.25,555
282,401,374,543,not_certified,0.11111111111111086,39,7.098230561304286e-09,True,True,0.4651024118344158,0.3487090010448708,0.11111111111111086,0.5625,0.46875,0.25,lambda1_N1600_r005,included,0.00856196774501439,0,7.771561172376096e-16,0.026838199284543972,1600,0.0,0.11998090829712349,5,0.2466321408056184,computed,533,True,0.25,524
266,367,422,545,not_certified,0.11111111111111106,44,7.996831089051295e-09,True,True,0.489408614847766,0.39009737067706207,0.11111111111111106,0.5625,0.46875,0.25,lambda1_N1600_r006,included,0.008188851669597322,0,2.220446049250313e-16,0.04026687059185325,1600,0.0,0.10135533227162385,6,0.22983618154062294,computed,557,True,0.25,498
261,392,414,533,not_certified,0.1111111111111112,38,9.843604677598066e-09,True,True,0.4715592452093328,0.3608970933569313,0.1111111111111112,0.5625,0.46875,0.25,lambda1_N1600_r007,included,0.004921254921257392,0,6.661338147750939e-16,0.025765844171696795,1600,0.0,0.11429872237554371,7,0.23611493664771507,computed,551,True,0.25,516
263,379,424,534,not_certified,0.11111111111111108,44,7.940731906082754e-09,True,True,0.49356746524805295,0.388364802424696,0.11111111111111108,0.5625,0.46875,0.25,lambda1_N1600_r008,included,0.009553849573165072,0,4.440892098500626e-16,0.03182262117718448,1600,0.0,0.10083583654194107,8,0.22371620316383098,computed,514,True,0.25,552
275,409,391,525,not_certified,0.1111111111111111,38,7.867975846450061e-09,True,True,0.46386706194926464,0.36235592062164984,0.1111111111111111,0.5625,0.46875,0.25,lambda1_N1600_r009,included,0.01101608672200191,0,4.440892098500626e-16,0.027355262158926072,1600,-2.2737367544323206e-13,0.11595729106309932,9,0.24112057755601918,computed,541,True,0.25,534
262,415,397,526,not_certified,0.11111111111111105,43,9.488061494764666e-09,True,True,0.485549089655699,0.36198088616172586,0.11111111111111105,0.5625,0.46875,0.25,lambda1_N1600_r010,included,0.0027003086243366234,0,3.3306690738754696e-16,0.02545545725398687,1600,-2.2737367544323206e-13,0.11047052356385562,10,0.2318722152376553,computed,556,True,0.25,518
263,399,388,550,not_certified,0.11111111111111135,38,8.62514980326523e-09,True,True,0.4951723096856679,0.3817610906763772,0.11111111111111135,0.5625,0.46875,0.25,lambda1_N1600_r011,included,0.012930100540985772,0,8.881784197001252e-16,0.024461270682397923,1600,0.0,0.10229078108537142,11,0.22650482803258534,computed,509,True,0.25,541
313,408,358,521,not_certified,0.11111111111111092,35,8.907664441915731e-09,True,True,0.44964552124504614,0.33921500811112815,0.11111111111111092,0.5625,0.46875,0.25,lambda1_N1600_r012,included,0.018178799465311254,0,5.551115123125783e-16,0.0459632823211588,1600,0.0,0.12754812288634773,12,0.24976543206019722,computed,523,True,0.25,556
273,430,402,495,not_certified,0.11111111111111142,42,6.914342314990478e-09,True,True,0.4972368505828169,0.36717154093220283,0.11111111111111142,0.5625,0.46875,0.25,lambda1_N1600_r013,included,0.00845484328654292,0,8.881784197001252e-16,0.036470042626422255,1600,0.0,0.10625062427303308,13,0.22412015927680617,computed,561,True,0.25,544
252,427,390,531,not_certified,0.11111111111111102,43,8.210219456171168e-09,True,True,0.49631244184877477,0.38308335147656974,0.11111111111111102,0.5625,0.46875,0.25,lambda1_N1600_r014,included,0.004746160729122734,0,3.3306690738754696e-16,0.05084758190782275,1600,2.2737367544323206e-13,0.10166889229265902,14,0.2287106449386454,computed,536,True,0.25,533
255,387,404,554,not_certified,0.11111111111111083,35,6.653686512742315e-09,True,True,0.4821104129352135,0.37364269004189926,0.11111111111111083,0.5625,0.46875,0.25,lambda1_N1600_r015,included,0.010789172813520062,0,6.661338147750939e-16,0.025858299272362495,1600,-2.2737367544323206e-13,0.10770021598972979,15,0.23274650577898567,computed,531,True,0.25,515
279,376,393,552,not_certified,0.11111111111111116,37,9.804680277169651e-09,True,True,0.4789332650697567,0.36288546536051797,0.11111111111111116,0.5625,0.46875,0.25,lambda1_N1600_r016,included,0.009553849573165086,0,4.440892098500626e-16,0.02397217544585313,1600,-2.2737367544323206e-13,0.11177480684860035,16,0.23069729752710594,computed,511,True,0.25,537
297,413,355,535,not_certified,0.11111111111111098,42,7.80362936043937e-09,True,True,0.49938438982124356,0.37292116380242835,0.11111111111111098,0.5625,0.46875,0.25,lambda1_N1600_r017,included,0.008100925873009847,0,3.3306690738754696e-16,0.0588477726063886,1600,0.0,0.1040142130544474,17,0.2261631543537935,computed,537,True,0.25,528
291,399,397,513,not_certified,0.11111111111111142,40,8.746571535735468e-09,True,True,0.49618361139428124,0.3874729514082421,0.11111111111111142,0.5625,0.46875,0.25,lambda1_N1600_r018,included,0.008955910525085285,0,8.881784197001252e-16,0.03880032402130962,1600,0.0,0.10048871492574296,18,0.22668455257135803,computed,519,True,0.25,568
248,392,400,560,not_certified,0.11111111111111104,43,7.850010884060164e-09,True,True,0.4946961244489255,0.37750581181815873,0.11111111111111104,0.5625,0.46875,0.25,lambda1_N1600_r019,included,0.01778781183844715,0,4.440892098500626e-16,0.034949129071009555,1600,-2.2737367544323206e-13,0.10362269840387126,19,0.23065652295749245,computed,520,True,0.25,520
76,82,84,158,not_certified,0.11111111111111112,29,8.686999064992065e-09,True,True,0.45151779094268035,0.33945331830042696,0.11111111111111112,0.5888671875,0.501708984375,0.296875,lambda2_N400_r000,included,0.030273572433335044,3/4,2.220446049250313e-16,0.07688217274886357,400,0.0,0.1629928222582073,0,0.2757180206367598,computed,125,True,0.296875,117
75,98,72,155,not_certified,0.11111111111111133,37,8.149837013865626e-09,True,True,0.5093560446442092,0.3687168165239343,0.11111111111111133,0.5888671875,0.501708984375,0.296875,lambda2_N400_r001,included,0.03476649594019674,3/4,4.440892098500626e-16,0.06909621495750728,400,0.0,0.13966288097067092,1,0.24047729212790267,computed,104,True,0.296875,141
85,85,85,145,not_certified,0.11111111111111113,29,8.275519710022148e-09,True,True,0.48516049356609725,0.36559201280066617,0.11111111111111113,0.5888671875,0.501708984375,0.296875,lambda2_N400_r002,included,0.007284329310333479,3/4,4.440892098500626e-16,0.045833967540097,400,0.0,0.14582081553787354,2,0.27174858528112766,computed,120,True,0.296875,135
83,81,80,156,not_certified,0.11111111111111098,41,7.2268327861164554e-09,True,True,0.503543270865579,0.386220831029648,0.11111111111111098,0.5888671875,0.501708984375,0.296875,lambda2_N400_r003,included,0.0194525898115491,3/4,4.440892098500626e-16,0.07022138633428768,400,0.0,0.13555553195164538,3,0.2569773377401683,computed,112,True,0.296875,132
90,83,89,138,not_certified,0.11111111111111079,42,8.204631762791141e-09,True,True,0.5219943039157446,0.3816589180380418,0.11111111111111079,0.5888671875,0.501708984375,0.296875,lambda2_N400_r004,included,0.03974653084129544,3/4,8.881784197001252e-16,0.07887209887225737,400,0.0,0.1334069256092114,4,0.2518974539988203,computed,138,True,0.296875,124
76,83,85,156,not_certified,0.11111111111111079,35,8.092649377580468e-09,True,True,0.4591659708906174,0.3626111748164558,0.11111111111111079,0.5888671875,0.501708984375,0.296875,lambda2_N400_r005,included,0.009605750250573015,3/4,7.771561172376096e-16,0.07247501209632233,400,5.684341886080802e-14,0.15349139892196198,5,0.2893297554764471,computed,123,True,0.296875,121
97,85,79,139,not_certified,0.11111111111111116,34,7.111562962183939e-09,True,True,0.49146859395394665,0.3675962862711278,0.11111111111111116,0.5888671875,0.501708984375,0.296875,lambda2_N400_r006,included,0.01873831914935408,3/4,2.220446049250313e-16,0.08073719055567977,400,0.0,0.1437369405460001,6,0.26569423549831656,computed,126,True,0.296875,135
93,91,80,136,not_certified,0.11111111111111097,46,7.155793210503444e-09,True,True,0.43208400557991977,0.3452220748699151,0.11111111111111097,0.5888671875,0.501708984375,0.296875,lambda2_N400_r007,included,0.0436063668464027,3/4,4.440892098500626e-16,0.08875918725611093,400,5.684341886080802e-14,0.16691049636912306,7,0.30476758398644826,computed,126,True,0.296875,138
92,84,87,137,not_certified,0.11111111111111092,44,8.845332868353747e-09,True,True,0.4527330990992372,0.34856048903102166,0.11111111111111092,0.5888671875,0.501708984375,0.296875,lambda2_N400_r008,included,0.0522482953805007,3/4,6.661338147750939e-16,0.0637270858152724,400,0.0,0.15968215728539698,8,0.3009479674722527,computed,127,True,0.296875,136
71,95,78,156,not_certified,0.11111111111111131,39,8.434476810970275e-09,True,True,0.4609337852555674,0.35338524568067187,0.11111111111111131,0.5888671875,0.501708984375,0.296875,lambda2_N400_r009,included,0.024129740906394286,3/4,6.661338147750939e-16,0.059296250156600235,400,0.0,0.15585795807424838,9,0.2947400776274597,computed,115,True,0.296875,129
77,99,83,141,not_certified,0.11111111111111095,37,7.3998610139501384e-09,True,True,0.4955628233976587,0.3739907188135272,0.11111111111111095,0.5888671875,0.501708984375,0.296875,lambda2_N400_r010,included,0.014766022207579013,3/4,4.440892098500626e-16,0.04377912003277621,400,0.0,0.1408614947784959,10,0.26442093358032337,computed,129,True,0.296875,130
85,79,97,139,not_certified,0.11111111111111133,46,7.723343851222855e-09,True,True,0.42667849668849867,0.344468408660514,0.11111111111111133,0.5888671875,0.501708984375,0.296875,lambda2_N400_r011,included,0.04067826950291007,3/4,6.661338147750939e-16,0.06975510947661898,400,-5.684341886080802e-14,0.16885693401347698,11,0.30679315074580155,computed,124,True,0.296875,137
82,89,75,154,not_certified,0.11111111111111106,31,7.714808448807575e-09,True,True,0.4573209807232131,0.33582382843349723,0.11111111111111106,0.5888671875,0.501708984375,0.296875,lambda2_N400_r012,included,0.009017575163796355,3/4,4.440892098500626e-16,0.04890128372537919,400,0.0,0.16261458718313204,12,0.27736232971273916,computed,114,True,0.296875,132
75,90,76,159,not_certified,0.1111111111111111,44,7.109764911430256e-09,True,True,0.49175240420499067,0.3691039195261055,0.1111111111111111,0.5888671875,0.501708984375,0.296875,lambda2_N400_r013,included,0.026179560657308903,3/4,4.440892098500626e-16,0.037075478991782526,400,-1.1368683772161603e-13,0.1432056874721806,13,0.2592645373669405,computed,131,True,0.296875,110
80,74,81,165,not_certified,0.11111111111111087,36,6.566606776067737e-09,True,True,0.48758970323262996,0.37257918844750604,0.11111111111111087,0.5888671875,0.501708984375,0.296875,lambda2_N400_r014,included,0.03725289586564222,3/4,7.771561172376096e-16,0.018727349117705377,400,0.0,0.1431081821920363,14,0.26236157863801834,computed,123,True,0.296875,112
80,70,88,162,not_certified,0.11111111111111106,39,6.67911282210703e-09,True,True,0.4896672353101877,0.37914378743826227,0.11111111111111106,0.5888671875,0.501708984375,0.296875,lambda2_N400_r015,included,0.024676980783408624,3/4,4.440892098500626e-16,0.05997267048076661,400,-5.684341886080802e-14,0.14067821488504162,15,0.26220243961766326,computed,117,True,0.296875,121
76,79,102,143,not_certified,0.11111111111111119,33,7.791285562245024e-09,True,True,0.5002225578852738,0.41124833876890415,0.11111111111111119,0.5888671875,0.501708984375,0.296875,lambda2_N400_r016,included,0.006372619683174506,3/4,4.440892098500626e-16,0.09051062417467412,400,-5.684341886080802e-14,0.1298065498836982,16,0.25316027764444476,computed,124,True,0.296875,133
79,79,105,137,not_certified,0.11111111111111133,42,8.971134270602234e-09,True,True,0.4797078443522137,0.3869864642718804,0.11111111111111133,0.5888671875,0.501708984375,0.296875,lambda2_N400_r017,included,0.038910557765016875,3/4,8.881784197001252e-16,0.08116617692308609,400,-5.684341886080802e-14,0.14093171068569607,17,0.27789132922317467,computed,127,True,0.296875,136
82,81,81,156,not_certified,0.11111111111111088,31,7.264594521567218e-09,True,True,0.4629831231696596,0.3399954883481385,0.11111111111111088,0.5888671875,0.501708984375,0.296875,lambda2_N400_r018,included,0.015330609881368609,3/4,6.661338147750939e-16,0.04276477413841817,400,5.684341886080802e-14,0.1596937432135634,18,0.28291829826166076,computed,120,True,0.296875,124
89,70,92,149,not_certified,0.11111111111111106,40,8.814350237743604e-09,True,True,0.491001141568397,0.3898810426957708,0.11111111111111106,0.5888671875,0.501708984375,0.296875,lambda2_N400_r019,included,0.004142041234067675,3/4,4.440892098500626e-16,0.09114798895112616,400,0.0,0.13734563929690086,19,0.2643725812038582,computed,126,True,0.296875,125
319,350,365,566,not_certified,0.11111111111111105,40,9.036005340056986e-09,True,True,0.4843088370378744,0.36844357813933765,0.11111111111111105,0.5888671875,0.501708984375,0.296875,lambda2_N1600_r000,included,0.01516140145654033,3/4,4.440892098500626e-16,0.025380767750427108,1600,0.0,0.14514399696581815,0,0.2711920153138362,computed,513,True,0.296875,521
348,335,341,576,not_certified,0.1111111111111112,44,8.119317440602458e-09,True,True,0.47239823531620667,0.36078243098645,0.1111111111111112,0.5888671875,0.501708984375,0.296875,lambda2_N1600_r001,included,0.012565645143659883,3/4,2.220446049250313e-16,0.020286991817268975,1600,0.0,0.15048093200124502,1,0.27429736134540234,computed,521,True,0.296875,503
351,312,348,589,not_certified,0.111111111111111,38,9.36271662902704e-09,True,True,0.45874325419883005,0.35968549705571934,0.111111111111111,0.5888671875,0.501708984375,0.296875,lambda2_N1600_r002,included,0.011464140836363055,3/4,6.661338147750939e-16,0.0374354165089626,1600,0.0,0.15450041141608728,2,0.27948874507603094,computed,511,True,0.296875,500
321,337,349,593,not_certified,0.11111111111111142,39,9.46208912039177e-09,True,True,0.47721819210524985,0.36018347337584866,0.11111111111111142,0.5888671875,0.501708984375,0.296875,lambda2_N1600_r003,included,0.0024234561475917544,3/4,8.881784197001252e-16,0.03054223451100537,1600,-4.547473508864641e-13,0.1494469703622338,3,0.26996241185584147,computed,461,True,0.296875,546
286,338,338,638,not_certified,0.11111111111111116,45,7.3871509048406696e-09,True,True,0.49419070392225406,0.3755497017489027,0.11111111111111116,0.5888671875,0.501708984375,0.296875,lambda2_N1600_r004,included,0.02106531482455542,3/4,8.881784197001252e-16,0.03264310181650586,1600,-2.2737367544323206e-13,0.1406982865928629,4,0.2659847147108131,computed,476,True,0.296875,486
320,329,339,612,not_certified,0.11111111111111065,41,7.812280794382326e-09,True,True,0.4813988879255534,0.3682700431817584,0.11111111111111065,0.5888671875,0.501708984375,0.296875,lambda2_N1600_r005,included,0.008661048706669415,3/4,1.2212453270876722e-15,0.01311413256421398,1600,0.0,0.14590363127228878,5,0.2723966665477248,computed,497,True,0.296875,491
326,341,339,594,not_certified,0.11111111111111086,41,7.587641493684522e-09,True,True,0.5036616158166751,0.3886396239230123,0.11111111111111086,0.5888671875,0.501708984375,0.296875,lambda2_N1600_r006,included,0.00745357343069753,3/4,4.440892098500626e-16,0.03747445814834487,1600,-4.547473508864641e-13,0.13484916528480662,6,0.25845719931547406,computed,495,True,0.296875,511
327,333,316,624,not_certified,0.11111111111111113,42,7.400933694669697e-09,True,True,0.4713649929998108,0.36157774582795266,0.11111111111111113,0.5888671875,0.501708984375,0.296875,lambda2_N1600_r007,included,0.008455416647858541,3/4,6.661338147750939e-16,0.017981989325799155,1600,0.0,0.15050110979016426,7,0.27728816813507245,computed,504,True,0.296875,472
314,361,348,577,not_certified,0.11111111111111115,45,8.911431679471802e-09,True,True,0.4861369168377031,0.3769283297013028,0.11111111111111115,0.5888671875,0.501708984375,0.296875,lambda2_N1600_r008,included,0.005098070929214301,3/4,4.440892098500626e-16,0.028411274748917713,1600,-2.2737367544323206e-13,0.14216415711689157,8,0.26794491158648187,computed,517,True,0.296875,506
346,342,348,564,not_certified,0.11111111111111098,38,8.77845954143444e-09,True,True,0.47860847476254514,0.3698459718040804,0.11111111111111098,0.5888671875,0.501708984375,0.296875,lambda2_N1600_r009,included,0.016667120291576566,3/4,3.3306690738754696e-16,0.01332650769869036,1600,-2.2737367544323206e-13,0.1461198825552984,9,0.2662387694995693,computed,519,True,0.296875,517
355,336,327,582,not_certified,0.11111111111111124,40,8.08805374213982e-09,True,True,0.48328778412945583,0.36391620699466676,0.11111111111111124,0.5888671875,0.501708984375,0.296875,lambda2_N1600_r010,included,0.007855450377718655,3/4,6.661338147750939e-16,0.03396335299706159,1600,-2.2737367544323206e-13,0.14679019305274854,10,0.2652669526230227,computed,506,True,0.296875,512
313,316,357,614,not_certified,0.11111111111111098,45,8.582731546879803e-09,True,True,0.4952627605952295,0.38418467767087916,0.11111111111111098,0.5888671875,0.501708984375,0.296875,lambda2_N1600_r011,included,0.014063857401573732,3/4,4.440892098500626e-16,0.03257031735214413,1600,0.0,0.13793956867360224,11,0.2594740139481276,computed,484,True,0.296875,502
333,313,351,603,not_certified,0.11111111111111102,35,9.574208534861552e-09,True,True,0.4672382800082635,0.3605624162740583,0.11111111111111102,0.5888671875,0.501708984375,0.296875,lambda2_N1600_r012,included,0.006389836319412528,3/4,5.551115123125783e-16,0.028739186661294172,1600,0.0,0.15190366161861785,12,0.2745616380986102,computed,513,True,0.296875,484
337,334,332,597,not_certified,0.11111111111111117,44,8.345474417651944e-09,True,True,0.4765418342434641,0.3671071776442081,0.11111111111111117,0.5888671875,0.501708984375,0.296875,lambda2_N1600_r013,included,0.007196095068198473,3/4,2.220446049250313e-16,0.022320989673582314,1600,-2.2737367544323206e-13,0.14747073582525053,13,0.27015267874047244,computed,481,True,0.296875,522
335,353,329,583,not_certified,0.11111111111111115,40,6.967686307744737e-09,True,True,0.4741538663436954,0.3555521472910519,0.11111111111111115,0.5888671875,0.501708984375,0.296875,lambda2_N1600_r014,included,0.005498573002505617,3/4,4.440892098500626e-16,0.02718205009770849,1600,0.0,0.15168958379117167,14,0.27207531026826703,computed,503,True,0.296875,514
317,345,329,609,not_certified,0.1111111111111115,46,9.403687888696718e-09,True,True,0.5091562710602276,0.38445267987250237,0.1111111111111115,0.5888671875,0.501708984375,0.296875,lambda2_N1600_r015,included,0.019244920233751715,3/4,8.881784197001252e-16,0.03710551285722224,1600,2.2737367544323206e-13,0.13492108009298637,15,0.25417435603389044,computed,495,True,0.296875,496
348,337,346,569,not_certified,0.11111111111111116,35,8.532321223085302e-09,True,True,0.4700716883576636,0.35874647780658553,0.11111111111111116,0.5888671875,0.501708984375,0.296875,lambda2_N1600_r016,included,0.012309648109279982,3/4,6.661338147750939e-16,0.0331074431880714,1600,0.0,0.15172219274705578,16,0.2698871607769859,computed,515,True,0.296875,516
333,310,349,608,not_certified,0.1111111111111109,42,9.582370624582015e-09,True,True,0.4759310586980147,0.37166456451463936,0.1111111111111109,0.5888671875,0.501708984375,0.296875,lambda2_N1600_r017,included,0.0021869259035535607,3/4,7.771561172376096e-16,0.029701927940711515,1600,0.0,0.14625815389317606,17,0.27168984385847933,computed,465,True,0.296875,527
337,333,354,576,not_certified,0.1111111111111108,41,8.978671250936543e-09,True,True,0.47227516180034285,0.3657037325769664,0.1111111111111108,0.5888671875,0.501708984375,0.296875,lambda2_N1600_r018,included,0.010000484772693946,3/4,7.771561172376096e-16,0.016308107539993767,1600,0.0,0.14899591872320933,18,0.26988664867379986,computed,509,True,0.296875,515
306,330,349,615,not_certified,0.11111111111111126,39,8.20797004283856e-09,True,True,0.49021273921851,0.3683980496594091,0.11111111111111126,0.5888671875,0.501708984375,0.296875,lambda2_N1600_r019,included,0.010951698896048795,3/4,4.440892098500626e-16,0.033392390553254395,1600,0.0,0.14377381297903677,19,0.267949396309399,computed,490,True,0.296875,495
